{"f1": 55.460491026377404, "exact_match": 46.21570482497635}
